complaint_type,count
Air,910
Odor,576
Other,361
Fugitive Dust/Particulate Matter,174
Smoke,134
Open Burning,86
ARA AQCP non-regulated entity,73
Fumes,72
Air Pollutant Release,55
Agricultural,20
Noise Complaint,13
Asbestos Complaint,13
Suspected Operation without Permit,7
Non-Tidal Wetlands/Waterway,3
Lead Paint Poisoning Complaint,2
Groundwater Contamination,2
Unknown Substance,2
Possible Permit Violation,2
Oil Release/Spill (Surface),2
Chemical Release/Spill,1
Hazardous Waste,1
Illegal Dam,1
Waste,1
Equipment Malfunction,1
Coal Mining,1
Oil Release/Spill,1
Abandoned Drums/Tanks,1
Water Pollutant Release,1
Vapor Release,1
