,sno,complaint,complaint_type,recieved_date,incident_date,county,incident_closed_date,incident_status_desc,incident_zip
134,135,426092,['Other'],2026-06-26,2026-06-26,Not Yet Determined,2026-06-29,Incident Closed-Managed,
145,146,416045,['Air'],2026-06-18,2026-06-18,Not Yet Determined,2026-06-23,Incident Closed - No further action,
171,172,415973,['Other'],2026-06-08,2026-06-08,Not Yet Determined,2026-06-09,Incident Closed-Managed,
389,390,395391,['Air'],2026-02-19,2026-02-19,Not Yet Determined,2026-03-03,Incident Closed - No further action,
579,580,374912,['Air'],2025-10-24,2025-10-24,Not Yet Determined,2025-11-19,Incident Closed - No further action,
618,619,364818,['Air'],2025-10-07,2025-10-07,Statewide,2025-10-07,Incident Closed - No further action,
770,771,364288,['Other'],2025-06-10,2025-06-10,Not Yet Determined,2025-06-23,Incident Closed - No further action,
811,812,354140,"['Air', 'Open Burning']",2025-05-14,2025-05-14,Statewide,2025-05-19,Incident Closed - No further action,
1072,1073,313457,"['Air', 'Other', 'Smoke']",2024-12-06,2024-12-06,Statewide,2024-12-09,Incident Closed-Managed,
1114,1115,303362,"['Air', 'Other']",2024-10-30,2024-10-30,Statewide,2024-11-08,Incident Closed-Managed,
1181,1182,283158,"['Asbestos Complaint', 'Lead Paint Poisoning Complaint']",2024-09-11,2024-09-04,Not Yet Determined,2024-09-17,Incident Closed - No further action,
1207,1208,283070,['Other'],2024-08-24,2024-08-24,Not Yet Determined,2024-08-30,Incident Closed-Managed,
1558,1559,222068,['Other'],2024-02-05,2024-02-05,Not Yet Determined,2024-02-05,Incident Closed-Managed,
1789,1790,181543,['Air'],2023-09-22,2023-09-21,Not Yet Determined,,Incident Not Applicable to MDE,
1802,1803,181510,['Other'],2023-09-08,2023-09-08,Not Yet Determined,2023-09-22,Incident Closed - No further action,
1844,1845,181349,['Other'],2023-08-07,2023-08-07,Not Yet Determined,2023-08-08,Incident Closed - No further action,
1846,1847,181343,['Other'],2023-08-07,2023-08-07,Not Yet Determined,2023-08-07,Incident Closed-Managed,
1887,1888,171205,['Air'],2023-06-28,2023-06-28,Statewide,2023-06-29,Incident Closed-Managed,
1891,1892,171180,['Other'],2023-06-26,2023-06-26,Not Yet Determined,2023-07-07,Incident Closed-Managed,
2066,2067,140705,['Air'],2023-03-28,2023-03-28,Not Yet Determined,,Referred to Outside Agency,
